id,asin,title,subtitle,authors,narrators,series_name,series_position,publisher,release_year,language,description,genres,pillar,runtime_min,status,rating,file_path,purchase_date,chunk_text
1,0063097796,"Influence, New and Expanded",The Psychology of Persuasion,Robert B. Cialdini,Robert B. Cialdini,,,HarperAudio,2021,English,In this science-driven guide to persuasion Robert Cialdini applies the psychology of why people say yes to help you succeed in business and life.,"Business & Careers|Relationships, Parenting & Personal Development|Small Business & Entrepreneurship|Management & Leadership|Personal Success|Marketing & Sales|Personal Development",other,1243,finished,,,2022-02-15T20:12:56.766Z,"Influence, New and Expanded by Robert B. Cialdini. Narrated by Robert B. Cialdini. In this science-driven guide to persuasion Robert Cialdini applies the psychology of why people say yes to help you succeed in business and life."
2,0593162943,The Willpower Instinct,"How Self-Control Works, Why It Matters, and What You Can Do to Get More of It",Kelly McGonigal,Walter Dixon,,,Penguin Audio,2019,English,"Based on Stanford University psychologist Kelly McGonigal's wildly popular course ""The Science of Willpower"", The Willpower Instinct is the first book to explain the science of self-control and how it can be harnessed to improve our health, happiness, and productivity....","Health & Wellness|Relationships, Parenting & Personal Development|Psychology & Mental Health|Psychology|Personal Development|Stress Management|Personal Success",other,500,in_progress,,,2022-06-06T14:36:19.398Z,"The Willpower Instinct by Kelly McGonigal. Narrated by Walter Dixon. Based on Stanford University psychologist Kelly McGonigal's wildly popular course ""The Science of Willpower"", The Willpower Instinct is the first book to explain the science of self-control and how it can be harnessed to improve our health, happiness, and productivity...."
3,B0711G6CR4,In the Line of Fire,How to Handle Tough Questions...When It Counts,Jerry Weissman,Ax Norman,,,Audible Studios,2009,English,"Discover how to avoid the defensive, evasive, or contentious answers that have destroyed political careers and ruin credibility....","Business & Careers|Relationships, Parenting & Personal Development|Management & Leadership|Personal Success|Business Communication|Personal Development|Communication & Social Skills",public_speaking,273,not_started,,,2019-05-11T14:11:11.422Z,"In the Line of Fire by Jerry Weissman. Narrated by Ax Norman. Discover how to avoid the defensive, evasive, or contentious answers that have destroyed political careers and ruin credibility...."
4,B0711GW6D9,Crucial Conversations,"Tools for Talking When Stakes Are High, Second Edition",Kerry Patterson,Joseph Grenny,,,McGraw-Hill Education,2012,English,"Perhaps once a decade, a book comes along that transforms people's lives in a very real, measurable way. This is one of them....","Business & Careers|Relationships, Parenting & Personal Development|Management & Leadership|Personal Success|Business Communication|Personal Development|Communication & Social Skills",public_speaking,387,not_started,,,2019-05-11T14:11:11.313Z,"Crucial Conversations by Kerry Patterson. Narrated by Joseph Grenny. Perhaps once a decade, a book comes along that transforms people's lives in a very real, measurable way. This is one of them...."
5,B0711L6ZJC,21 Success Secrets of Self-Made Millionaires,,Brian Tracy,Brian Tracy,,,Brian Tracy International Inc.,2008,English,"This exciting, fast-moving program gives you a step-by-step formula to become a millionaire - starting from wherever you are today....",Business & Careers|Money & Finance|Management & Leadership|Personal Finance,other,72,not_started,,,2022-04-09T12:54:50.000Z,"21 Success Secrets of Self-Made Millionaires by Brian Tracy. Narrated by Brian Tracy. This exciting, fast-moving program gives you a step-by-step formula to become a millionaire - starting from wherever you are today...."
6,B071422GB4,The Power of Less,The Fine Art of Limiting Yourself to the Essential...in Business and in Life,Leo Babauta,Fred Stella,,,Brilliance Audio,2009,English,The Power of Less demonstrates how to streamline your life by identifying the essential and eliminating the unnecessary....,"Business & Careers|Relationships, Parenting & Personal Development|Personal Success|Personal Development",other,234,in_progress,,,2019-05-11T14:11:09.984Z,The Power of Less by Leo Babauta. Narrated by Fred Stella. The Power of Less demonstrates how to streamline your life by identifying the essential and eliminating the unnecessary....
7,B07148BP7Q,How to Read a Book,The Classic Guide to Intelligent Reading,Mortimer J. Adler; Charles Van Doren,Edward Holland,,,"Blackstone Audio, Inc.",2010,English,"How to Read a Book, first published in 1940, is the best and most successful guide to reading comprehension. Now it has been completely rewritten and updated....","Literature & Fiction|Education & Learning|Relationships, Parenting & Personal Development|Personal Development|Communication & Social Skills",public_speaking,925,in_progress,,,2019-05-11T14:11:10.822Z,"How to Read a Book by Mortimer J. Adler; Charles Van Doren. Narrated by Edward Holland. How to Read a Book, first published in 1940, is the best and most successful guide to reading comprehension. Now it has been completely rewritten and updated...."
8,B07193YQP1,The Productivity Project,"Accomplishing More by Managing Your Time, Attention, and Energy",Chris Bailey,Chris Bailey,,,Brilliance Audio,2016,English,"A fresh, personal, and entertaining exploration of a topic that concerns all of us: how to be more productive at work and in every facet of our lives....","Business & Careers|Relationships, Parenting & Personal Development|Management & Leadership|Personal Success|Personal Development",productivity,493,in_progress,,,2022-05-26T17:51:17.732Z,"The Productivity Project by Chris Bailey. Narrated by Chris Bailey. A fresh, personal, and entertaining exploration of a topic that concerns all of us: how to be more productive at work and in every facet of our lives...."
9,B07197MLQG,Speak to Win,How to Present with Power in Any Situation,Brian Tracy,Brian Tracy,,,"Gildan Media, LLC",2008,English,"In Speak to Win, Tracy tells you how to master the art of the winning speech - and use it to achieve your most impossible-seeming goals....","Business & Careers|Education & Learning|Relationships, Parenting & Personal Development|Management & Leadership|Personal Success|Personal Development|Communication & Social Skills",public_speaking,313,not_started,,,2019-05-11T14:11:12.552Z,"Speak to Win by Brian Tracy. Narrated by Brian Tracy. In Speak to Win, Tracy tells you how to master the art of the winning speech - and use it to achieve your most impossible-seeming goals...."
10,B07197TDWT,The 3 Secrets to Effective Time Investment,Achieve More Success with Less Stress,Elizabeth Grace Saunders,Kelley Hazen,,,McGraw-Hill Education,2015,English,"Time management skills that work! Reboot your entire life in three simple steps. Quick reference guide included with over 30 online tools and 40 done-for-you routines. Is it possible to keep up on life, let alone enjoy it, when you're overloaded and overwhelmed - with work, with errands, with...",Business & Careers|Small Business & Entrepreneurship|Entrepreneurship|Management & Leadership|Personal Success,other,545,not_started,,,2019-05-11T14:11:11.533Z,"The 3 Secrets to Effective Time Investment by Elizabeth Grace Saunders. Narrated by Kelley Hazen. Time management skills that work! Reboot your entire life in three simple steps. Quick reference guide included with over 30 online tools and 40 done-for-you routines. Is it possible to keep up on life, let alone enjoy it, when you're overloaded and overwhelmed - with work, with errands, with..."
11,B07198MSCC,Made to Stick,Why Some Ideas Survive and Others Die,Chip Heath; Dan Heath,Charles Kahlenberg,,,Random House Audio,2006,English,"In Made to Stick, Chip and Dan Heath reveal the anatomy of ideas that stick and explain ways to make ideas stickier, such as applying the human scale principle, using the Velcro Theory of Memory, and creating curiosity gaps....","Politics & Social Sciences|Business & Careers|Education & Learning|Health & Wellness|Relationships, Parenting & Personal Development|Sociology|Personal Success|Psychology & Mental Health|Psychology|Personal Development|Communication & Social Skills",public_speaking,517,not_started,,,2019-05-11T14:11:12.408Z,"Made to Stick by Chip Heath; Dan Heath. Narrated by Charles Kahlenberg. In Made to Stick, Chip and Dan Heath reveal the anatomy of ideas that stick and explain ways to make ideas stickier, such as applying the human scale principle, using the Velcro Theory of Memory, and creating curiosity gaps...."
12,B0719F2K98,The Autobiography of Black Hawk,,Black Hawk,Brett Barry,,,"Audible, Inc.",2012,English,"This story is told in the words of a tragic figure in American history - a hook-nosed, hollow-cheeked old Sauk warrior who lived under four flags....",Politics & Social Sciences|Biographies & Memoirs|Literature & Fiction|History|Social Sciences|Classics|Americas|United States,other,213,not_started,,,2019-05-11T14:11:13.795Z,"The Autobiography of Black Hawk by Black Hawk. Narrated by Brett Barry. This story is told in the words of a tragic figure in American history - a hook-nosed, hollow-cheeked old Sauk warrior who lived under four flags...."
13,B0719GJZ28,Working with Emotional Intelligence,,Daniel Goleman,Aaron Meza,,,Macmillan Audio,2000,English,"Do you work for an emotionally intelligent organization? In his phenomenal best seller Emotional Intelligence, Daniel Goleman...","Business & Careers|Health & Wellness|Relationships, Parenting & Personal Development|Small Business & Entrepreneurship|Management & Leadership|Psychology & Mental Health|Psychology|Personal Development|Emotions|Personal Success",other,783,in_progress,,,2019-05-11T14:11:14.489Z,"Working with Emotional Intelligence by Daniel Goleman. Narrated by Aaron Meza. Do you work for an emotionally intelligent organization? In his phenomenal best seller Emotional Intelligence, Daniel Goleman..."
14,B071F5B3CJ,Good to Great,Why Some Companies Make the Leap...And Others Don't,Jim Collins,Jim Collins,,,HarperAudio,2010,English,"Over five years, Jim Collins and his research team have analyzed the histories of 28 companies, discovering why some companies make the leap and others don't....",Business & Careers|Small Business & Entrepreneurship|Management & Leadership,other,601,not_started,,,2019-05-11T14:11:12.182Z,"Good to Great by Jim Collins. Narrated by Jim Collins. Over five years, Jim Collins and his research team have analyzed the histories of 28 companies, discovering why some companies make the leap and others don't...."
15,B071HFRS4S,Deep Work,Rules for Focused Success in a Distracted World,Cal Newport,Jeff Bottoms,,,Hachette Audio,2016,English,Master one of our economy’s most rare skills and achieve groundbreaking results with this “exciting” audiobook (Daniel H. Pink) from an “exceptional” author (New York Times Book Review)....,"Business & Careers|Relationships, Parenting & Personal Development|Management & Leadership|Personal Success|Personal Development",productivity,464,in_progress,,,2024-02-06T12:28:34.070Z,Deep Work by Cal Newport. Narrated by Jeff Bottoms. Master one of our economy’s most rare skills and achieve groundbreaking results with this “exciting” audiobook (Daniel H. Pink) from an “exceptional” author (New York Times Book Review)....
16,B071HMCHPL,How to Win Friends & Influence People,,Dale Carnegie,Andrew MacMillan,,,Simon & Schuster Audio,2004,English,"For over 60 years the rock-solid, time-tested advice in this audiobook has carried thousands of now-famous people up the ladder of success in their business and personal lives....","Business & Careers|Management & Leadership|Health & Wellness|Psychology & Mental Health|Psychology|Relationships, Parenting & Personal Development|Personal Development|Communication & Social Skills|Relationships|Friendship",public_speaking,435,not_started,,,2019-05-11T14:11:13.674Z,"How to Win Friends & Influence People by Dale Carnegie. Narrated by Andrew MacMillan. For over 60 years the rock-solid, time-tested advice in this audiobook has carried thousands of now-famous people up the ladder of success in their business and personal lives...."
17,B071HRLJZD,The Power of Habit,Why We Do What We Do in Life and Business,Charles Duhigg,Mike Chamberlain,,,Random House Audio,2012,English,"In The Power of Habit, award-winning business reporter Charles Duhigg takes us to the thrilling edge of scientific discoveries that explain why habits exist and how they can be changed....","Relationships, Parenting & Personal Development|Personal Development|Personal Success",productivity,670,not_started,,,2019-05-11T14:11:09.539Z,"The Power of Habit by Charles Duhigg. Narrated by Mike Chamberlain. In The Power of Habit, award-winning business reporter Charles Duhigg takes us to the thrilling edge of scientific discoveries that explain why habits exist and how they can be changed...."
18,B071HRY9ZR,Unstuff Your Life,Kick the Clutter Habit and Completely Organize Your Life for Good,Andrew J. Mellen,Andrew J. Mellen,,,Audible Studios,2012,English,One of the country's most sought-after professional organizers makes his foolproof rescue plan available for everyone....,"Home & Garden|Relationships, Parenting & Personal Development|House & Home|Personal Development|Personal Success",productivity,621,not_started,,,2019-05-11T14:11:11.067Z,Unstuff Your Life by Andrew J. Mellen. Narrated by Andrew J. Mellen. One of the country's most sought-after professional organizers makes his foolproof rescue plan available for everyone....
19,B071HSJTLG,How to Stop Worrying and Start Living,Time-Tested Methods for Conquering Worry,Dale Carnegie,Andrew MacMillan,,,Simon & Schuster Audio,2007,English,"Through Dale Carnegie's seven-million-copy best seller, recently revised, millions of people have been helped to overcome the worry habit....","Business & Careers|Money & Finance|Relationships, Parenting & Personal Development|Personal Finance|Personal Development|Personal Success",other,635,in_progress,,,2026-03-04T18:24:32.509Z,"How to Stop Worrying and Start Living by Dale Carnegie. Narrated by Andrew MacMillan. Through Dale Carnegie's seven-million-copy best seller, recently revised, millions of people have been helped to overcome the worry habit...."
20,B071L3GWV1,Thinner Leaner Stronger,The Simple Science of Building the Ultimate Female Body,Michael Matthews,Elliott Denkers,,,Oculus Publishers,2013,English,"You can get that beautiful “beach-ready” body without following a bland, boring, bodybuilding diet and without doing exhausting strength training workouts you hate. And this exercise book shows you how....","Sports & Outdoors|Health & Wellness|Fitness, Diet & Nutrition|Exercise & Fitness|Diets, Nutrition & Healthy Eating",other,819,not_started,,,2023-03-09T15:43:50.753Z,"Thinner Leaner Stronger by Michael Matthews. Narrated by Elliott Denkers. You can get that beautiful “beach-ready” body without following a bland, boring, bodybuilding diet and without doing exhausting strength training workouts you hate. And this exercise book shows you how...."
21,B071L8K79Y,The Total Money Makeover,A Proven Plan for Financial Fitness,Dave Ramsey,Dave Ramsey,,,Thomas Nelson,2003,English,"Dave Ramsey helps you transform your personal finances with time-tested tools for paying off debt, saving for retirement, and more.",Business & Careers|Money & Finance|Personal Success|Personal Finance|Investing & Trading,other,221,in_progress,,,2019-05-11T14:11:16.126Z,"The Total Money Makeover by Dave Ramsey. Narrated by Dave Ramsey. Dave Ramsey helps you transform your personal finances with time-tested tools for paying off debt, saving for retirement, and more."
22,B071LC12SK,Fat Chance,"Beating the Odds Against Sugar, Processed Food, Obesity, and Disease",Robert H. Lustig,Jonathan Todd Ross,,,Penguin Audio,2012,English,"Compelling, controversial, and completely based in science, Fat Chance debunks the widely held notion to prove ""a calorie is NOT a calorie"", and takes that science to its logical conclusion....","Politics & Social Sciences|Business & Careers|Health & Wellness|Politics & Government|Fitness, Diet & Nutrition|Diets, Nutrition & Healthy Eating",other,595,in_progress,,,2023-11-06T02:36:25.070Z,"Fat Chance by Robert H. Lustig. Narrated by Jonathan Todd Ross. Compelling, controversial, and completely based in science, Fat Chance debunks the widely held notion to prove ""a calorie is NOT a calorie"", and takes that science to its logical conclusion...."
23,B071NRLWFP,Eat That Frog!,21 Great Ways to Stop Procrastinating and Get More Done in Less Time,Brian Tracy,Brian Tracy,,,"Blackstone Audio, Inc.",2006,English,There just isn't enough time for everything on our to-do list - and there never will be. Successful people don't try to do everything....,"Business & Careers|Relationships, Parenting & Personal Development|Small Business & Entrepreneurship|Entrepreneurship|Management & Leadership|Personal Success|Workplace & Organizational Behaviour|Personal Development",productivity,157,in_progress,,,2019-05-11T14:11:15.888Z,Eat That Frog! by Brian Tracy. Narrated by Brian Tracy. There just isn't enough time for everything on our to-do list - and there never will be. Successful people don't try to do everything....
24,B071RK2ZL6,Stein on Writing,"A Master Editor Shares His Craft, Techniques, and Strategies",Sol Stein,Christopher Lane,,,"Blackstone Audio, Inc.",2004,English,"Stein on Writing provides immediately useful advice for writers of fiction and nonfiction, whether newcomers or accomplished professionals....","Education & Learning|Writing, Research & Publishing Guides",writing,677,not_started,,,2019-05-11T14:11:15.333Z,"Stein on Writing by Sol Stein. Narrated by Christopher Lane. Stein on Writing provides immediately useful advice for writers of fiction and nonfiction, whether newcomers or accomplished professionals...."
25,B071RX6Q36,The Energy Bus,"10 Rules to Fuel Your Life, Work, and Team with Positive Energy",Jon Gordon,Jon Gordon,,,"Gildan Media, LLC",2007,English,"The Energy Bus takes listeners on an enlightening and inspiring ride that reveals 10 secrets for approaching life and work with the kind of positive, forward thinking....",Business & Careers|Small Business & Entrepreneurship|Management & Leadership|Personal Success,other,159,in_progress,,,2019-09-27T21:47:05.931Z,"The Energy Bus by Jon Gordon. Narrated by Jon Gordon. The Energy Bus takes listeners on an enlightening and inspiring ride that reveals 10 secrets for approaching life and work with the kind of positive, forward thinking...."
26,B071RXCXSW,"One Simple Idea, Revised and Expanded Edition",Turn Your Dreams into a Licensing Goldmine While Letting Others Do the Work,Stephen Key,A. T. Chandler,,,McGraw-Hill Education,2016,English,"With must-have updates, a new edition of the best-selling method that shows how anyone can turn their one simple idea into millions - without lifting a finger! Stephen Key is an award-winning inventor who has licensed more than 20 product ideas. In 2011, he shared the secrets to his success in...",Business & Careers|Computers & Technology|Small Business & Entrepreneurship|Entrepreneurship|New Business Enterprises|Personal Success|Marketing & Sales|Marketing|History & Culture,other,533,not_started,,,2019-05-11T14:11:11.829Z,"One Simple Idea, Revised and Expanded Edition by Stephen Key. Narrated by A. T. Chandler. With must-have updates, a new edition of the best-selling method that shows how anyone can turn their one simple idea into millions - without lifting a finger! Stephen Key is an award-winning inventor who has licensed more than 20 product ideas. In 2011, he shared the secrets to his success in..."
27,B071VJC6QZ,Goals! How to Get Everything You Want Faster Than You Ever Thought Possible,,Brian Tracy,Brian Tracy,,,"Blackstone Audio, Inc.",2004,English,"Hundred of thousands, even millions, of men and women have started with nothing and achieved great success. Renowned leader Brian Tracy presents the essential principles you need to know to make your dreams come true. Here is the simple, powerful, and effective system for setting and achieving...","Business & Careers|Health & Wellness|Relationships, Parenting & Personal Development|Management & Leadership|Personal Success|Psychology & Mental Health|Psychology|Personal Development",productivity,200,in_progress,,,2019-05-11T14:11:10.549Z,"Goals! How to Get Everything You Want Faster Than You Ever Thought Possible by Brian Tracy. Narrated by Brian Tracy. Hundred of thousands, even millions, of men and women have started with nothing and achieved great success. Renowned leader Brian Tracy presents the essential principles you need to know to make your dreams come true. Here is the simple, powerful, and effective system for setting and achieving..."
28,B071VMTG88,The Miracle of Self Discipline,The 'No Excuses' Way to Getting Things Done,Brian Tracy,Brian Tracy,Nightingale-Conant: Skill Building,,Nightingale-Conant,2014,English,"To be successful today, you don't need to have been born under a lucky star, with incredible wealth, with terrific contacts and connections, or even with special skills....","Relationships, Parenting & Personal Development|Personal Development|Personal Success",productivity,433,in_progress,,,2019-05-11T14:11:10.098Z,"The Miracle of Self Discipline by Brian Tracy. Narrated by Brian Tracy. To be successful today, you don't need to have been born under a lucky star, with incredible wealth, with terrific contacts and connections, or even with special skills...."
29,B071VQNYF6,Your Brain at Work,"Strategies for Overcoming Distraction, Regaining Focus, and Working Smarter All Day Long",David Rock,Bob Walter,,,HarperAudio,2011,English,"David Rock knows how the brain works - and more specifically, how it works in a work setting. Rock shows how it's possible to not only to survive in today's overwhelming work environment but succeed in it - and still feel energized and accomplished at the end of the day....","Business & Careers|Health & Wellness|Relationships, Parenting & Personal Development|Personal Success|Psychology & Mental Health|Psychology|Personal Development",productivity,582,not_started,,,2019-11-05T00:10:27.081Z,"Your Brain at Work by David Rock. Narrated by Bob Walter. David Rock knows how the brain works - and more specifically, how it works in a work setting. Rock shows how it's possible to not only to survive in today's overwhelming work environment but succeed in it - and still feel energized and accomplished at the end of the day...."
30,B071XQJT58,Elon Musk,"Tesla, SpaceX, and the Quest for a Fantastic Future",Ashlee Vance,Fred Sanders,,,HarperAudio,2015,English,"Elon Musk is both an illuminating and authorized look at the extraordinary life of one of Silicon Valley's most exciting, unpredictable, and ambitious entrepreneurs....",Biographies & Memoirs|Computers & Technology|Science & Engineering|Professionals & Academics|History & Culture|Science,other,803,in_progress,,,2019-06-08T18:13:21.585Z,"Elon Musk by Ashlee Vance. Narrated by Fred Sanders. Elon Musk is both an illuminating and authorized look at the extraordinary life of one of Silicon Valley's most exciting, unpredictable, and ambitious entrepreneurs...."
31,B071YW2FDT,Bigger Leaner Stronger,The Simple Science of Building the Ultimate Male Body,Michael Matthews,Michael Matthews,,,Oculus Publishers,2012,English,"If you want to get bigger, leaner, and stronger without steroids, good genetics, extreme dieting, or wasting ridiculous amounts of time in the gym...you want to listen to this book....","Sports & Outdoors|Health & Wellness|Bodybuilding & Strength Training|Fitness, Diet & Nutrition|Diets, Nutrition & Healthy Eating",other,856,in_progress,,,2019-05-11T14:11:11.947Z,"Bigger Leaner Stronger by Michael Matthews. Narrated by Michael Matthews. If you want to get bigger, leaner, and stronger without steroids, good genetics, extreme dieting, or wasting ridiculous amounts of time in the gym...you want to listen to this book...."
32,B071YYLGQQ,Muhammad,His Life Based on the Earliest Sources,Martin Lings,Sean Barrett,,,Meem LLC,2007,English,This excellent audiobook is the first of its kind and has been selected by a number of organisations as a worthy introduction to the life of Prophet Muhammad....,Religion & Spirituality|Biographies & Memoirs|History|Islam|Historical|Middle East,other,363,not_started,,,2019-05-11T14:11:11.695Z,Muhammad by Martin Lings. Narrated by Sean Barrett. This excellent audiobook is the first of its kind and has been selected by a number of organisations as a worthy introduction to the life of Prophet Muhammad....
33,B071Z51HRG,Steve Jobs,,Walter Isaacson,Dylan Baker,,,Simon & Schuster Audio,2011,English,"From the author of the best-selling biographies of Benjamin Franklin and Albert Einstein, this is the exclusive biography of Steve Jobs....",Biographies & Memoirs|Professionals & Academics,other,1518,not_started,,,2019-06-08T18:09:04.946Z,"Steve Jobs by Walter Isaacson. Narrated by Dylan Baker. From the author of the best-selling biographies of Benjamin Franklin and Albert Einstein, this is the exclusive biography of Steve Jobs...."
34,B0722SZ7ZF,Death by Meeting,A Leadership Fable about Solving the Most Painful Problem in Business,Patrick Lencioni,Jack Arthur,,,Macmillan Audio,2004,English,"In his latest engrossing work of business fiction, best-selling author Patrick Lencioni provides a cure for the most painful yet underestimated problem of modern business: bad meetings....",Business & Careers|Small Business & Entrepreneurship|Management & Leadership|Personal Success,other,271,not_started,,,2019-11-05T00:08:57.473Z,"Death by Meeting by Patrick Lencioni. Narrated by Jack Arthur. In his latest engrossing work of business fiction, best-selling author Patrick Lencioni provides a cure for the most painful yet underestimated problem of modern business: bad meetings...."
35,B0722X1NCN,Execution,The Discipline of Getting Things Done,Larry Bossidy; Ram Charan,John Bedford Lloyd,,,Random House Audio,2002,English,The audio that shows how to get the job done and deliver results...whether you're running an entire company or in your first management job...,Business & Careers|Small Business & Entrepreneurship|Management & Leadership,productivity,494,in_progress,,,2019-05-11T14:11:10.432Z,Execution by Larry Bossidy; Ram Charan. Narrated by John Bedford Lloyd. The audio that shows how to get the job done and deliver results...whether you're running an entire company or in your first management job...
36,B0722ZZZXN,"Thinking, Fast and Slow",,Daniel Kahneman,Patrick Egan,,,Random House Audio,2011,English,The guru to the gurus at last shares his knowledge with the rest of us....,Business & Careers|Health & Wellness|Personal Success|Psychology & Mental Health|Psychology,other,1202,in_progress,,,2019-05-11T14:11:14.846Z,"Thinking, Fast and Slow by Daniel Kahneman. Narrated by Patrick Egan. The guru to the gurus at last shares his knowledge with the rest of us...."
37,B0723236RZ,Think and Grow Rich,,Napoleon Hill,Lloyd James,,,Mission Audio,2011,English,Here is the number-one inspirational and motivational classic for individuals who are interested in furthering their lives and reaching their goals by learning from important figures in history....,"Business & Careers|Relationships, Parenting & Personal Development|Personal Success|Personal Development",other,630,in_progress,,,2019-05-11T14:11:14.145Z,Think and Grow Rich by Napoleon Hill. Narrated by Lloyd James. Here is the number-one inspirational and motivational classic for individuals who are interested in furthering their lives and reaching their goals by learning from important figures in history....
38,B0723266Q5,HBR's 10 Must Reads on Strategy,,Harvard Business Review; Michael E. Porter; W. Chan Kim; Renee Renee,Paul McLain,HBR's 10 Must Reads,,Audible Studios,2015,English,Is your company spending too much time on strategy development - with too little to show for it....,Business & Careers|Small Business & Entrepreneurship|Entrepreneurship|Management & Leadership|Forecasting & Strategic Planning|Personal Success|Marketing & Sales|Marketing,other,557,in_progress,,,2019-11-05T00:19:47.016Z,HBR's 10 Must Reads on Strategy by Harvard Business Review; Michael E. Porter; W. Chan Kim; Renee Renee. Narrated by Paul McLain. Is your company spending too much time on strategy development - with too little to show for it....
39,B072591XFD,Essentialism,The Disciplined Pursuit of Less,Greg McKeown,Greg McKeown,,,Random House Audio,2014,English,"Essentialism is more than a time-management strategy or a productivity technique. It is a systematic discipline for discerning what is absolutely essential, then eliminating everything that is not, so we can make the highest possible contribution toward the things that really matter....","Business & Careers|Relationships, Parenting & Personal Development|Management & Leadership|Personal Success|Personal Development",productivity,385,in_progress,,,2024-04-12T01:14:35.559Z,"Essentialism by Greg McKeown. Narrated by Greg McKeown. Essentialism is more than a time-management strategy or a productivity technique. It is a systematic discipline for discerning what is absolutely essential, then eliminating everything that is not, so we can make the highest possible contribution toward the things that really matter...."
40,B0725L2SPX,Getting Things Done,The Art of Stress-Free Productivity,David Allen,David Allen,,,Simon & Schuster Audio,2008,English,"THE NEW YORK TIMES BEST SELLER NOW AVAILABLE IN AN ALL-NEW UNABRIDGED RECORDING! In today's world of exponentially increased communication and responsibility, yesterday's methods for staying on top just don't work. Veteran management consultant and trainer David Allen recognizes that ""time...","Business & Careers|Relationships, Parenting & Personal Development|Management & Leadership|Personal Success|Personal Development",productivity,429,not_started,,,2019-05-11T14:11:16.015Z,"Getting Things Done by David Allen. Narrated by David Allen. THE NEW YORK TIMES BEST SELLER NOW AVAILABLE IN AN ALL-NEW UNABRIDGED RECORDING! In today's world of exponentially increased communication and responsibility, yesterday's methods for staying on top just don't work. Veteran management consultant and trainer David Allen recognizes that ""time..."
41,B0725N22R7,Benjamin Franklin: An American Life,,Walter Isaacson,Nelson Runger,,,Simon & Schuster Audio,2011,English,"Benjamin Franklin is the founding father who winks at us - an ambitious urban entrepreneur who rose up the social ladder, from leather-aproned shopkeeper to dining with kings....",Biographies & Memoirs|History|Historical|Americas|United States,other,1480,in_progress,,,2023-02-15T01:41:41.147Z,"Benjamin Franklin: An American Life by Walter Isaacson. Narrated by Nelson Runger. Benjamin Franklin is the founding father who winks at us - an ambitious urban entrepreneur who rose up the social ladder, from leather-aproned shopkeeper to dining with kings...."
42,B0727ZFGZT,The Five Elements of Effective Thinking,,Edward B. Burger; Michael Starbird,Brian Troxell,,,Audible Studios,2012,English,"The 5 Elements of Effective Thinking presents practical, lively, and inspiring ways for you to become more successful through better thinking....",Education & Learning|Health & Wellness|Education|Psychology & Mental Health|Psychology,other,189,in_progress,,,2019-05-11T14:11:15.126Z,"The Five Elements of Effective Thinking by Edward B. Burger; Michael Starbird. Narrated by Brian Troxell. The 5 Elements of Effective Thinking presents practical, lively, and inspiring ways for you to become more successful through better thinking...."
43,B072856BLJ,Getting to Yes,Negotiating Agreement Without Giving In,Roger Fisher; William Ury,Dennis Boutsikaris,,,Simon & Schuster Audio,2011,English,"Getting to Yes is a straightorward, universally applicable method for negotiating personal and professional disputes without getting taken - and without getting angry....",Business & Careers|Management & Leadership,other,377,not_started,,,2019-05-11T14:11:16.751Z,"Getting to Yes by Roger Fisher; William Ury. Narrated by Dennis Boutsikaris. Getting to Yes is a straightorward, universally applicable method for negotiating personal and professional disputes without getting taken - and without getting angry...."
44,B07286PB8M,Moonwalking with Einstein,The Art and Science of Remembering Everything,Joshua Foer,Mike Chamberlain,,,Penguin Audio,2011,English,"The blockbuster phenomenon that charts an amazing journey of the mind while revolutionizing our concept of memory. An instant best seller that is poised to become a classic, Moonwalking with Einstein recounts Joshua Foer's yearlong quest to improve his memory....","Biographies & Memoirs|Health & Wellness|Relationships, Parenting & Personal Development|Science & Engineering|Psychology & Mental Health|Psychology|Personal Development|Memory Improvement|Science|Biological Sciences",other,571,not_started,,,2019-05-11T14:11:13.910Z,"Moonwalking with Einstein by Joshua Foer. Narrated by Mike Chamberlain. The blockbuster phenomenon that charts an amazing journey of the mind while revolutionizing our concept of memory. An instant best seller that is poised to become a classic, Moonwalking with Einstein recounts Joshua Foer's yearlong quest to improve his memory...."
45,B072BS7N42,Your First Listen,,test,test,,,"Audible, Inc.",2006,English,Your Audible adventures begin right here....,Children's Audiobooks|Holidays & Celebrations,other,4,not_started,,,2019-05-11T14:11:14.383Z,Your First Listen by test. Narrated by test. Your Audible adventures begin right here....
46,B072F5VKMT,Extreme Ownership,How U.S. Navy SEALs Lead and Win,Jocko Willink; Leif Babin,Jocko Willink; Leif Babin,Extreme Ownership,,Macmillan Audio,2015,English,Two  Navy SEAL officers demonstrate how to apply powerful battlefield leadership principles from the battlefield to business and life.,Business & Careers|History|Small Business & Entrepreneurship|Management & Leadership|Military|Armed Forces,other,523,in_progress,,,2024-05-29T22:04:07.067Z,Extreme Ownership by Jocko Willink; Leif Babin. Narrated by Jocko Willink; Leif Babin. Two Navy SEAL officers demonstrate how to apply powerful battlefield leadership principles from the battlefield to business and life.
47,B072FF318P,Ron Fry's How to Study Program,,Ron Fry,Beverly Butler; David Cooper,,,"HighBridge, a division of Recorded Books",1999,English,"Whether you're preparing for a college entrance exam or a major business presentation, Ron Fry's How to Study Program equips you...","Business & Careers|Education & Learning|Relationships, Parenting & Personal Development|Management & Leadership|Education|Parenting & Families|Parents & Adult Children",other,626,in_progress,,,2019-05-11T14:11:16.272Z,"Ron Fry's How to Study Program by Ron Fry. Narrated by Beverly Butler; David Cooper. Whether you're preparing for a college entrance exam or a major business presentation, Ron Fry's How to Study Program equips you..."
48,B072HRYTGH,The 5 Levels of Leadership,Proven Steps to Maximize Your Potential,John C. Maxwell,John C. Maxwell,,,Hachette Audio,2011,English,"Use this helpful audiobook to learn about the leadership tools to fuel success, grow your team, and become the visionary you were meant to be. True leadership isn't a matter of having a certain job or title. In fact, being chosen for a position is only the first of the five levels every...",Business & Careers|Small Business & Entrepreneurship|Entrepreneurship|Management & Leadership|Personal Success,other,433,not_started,,,2019-05-11T14:11:14.732Z,"The 5 Levels of Leadership by John C. Maxwell. Narrated by John C. Maxwell. Use this helpful audiobook to learn about the leadership tools to fuel success, grow your team, and become the visionary you were meant to be. True leadership isn't a matter of having a certain job or title. In fact, being chosen for a position is only the first of the five levels every..."
49,B072HS6BX8,Eat to Live,The Revolutionary Formula for Fast and Sustained Weight Loss,Joel Fuhrman M.D.,Joel Fuhrman,,,"Dr. Fuhrman Online, Inc. ",2010,English,"This is a book that will let you live longer, reduce your need for medications, and improve your health dramatically....","Health & Wellness|Fitness, Diet & Nutrition|Diets, Nutrition & Healthy Eating",other,537,not_started,,,2019-05-11T14:11:09.732Z,"Eat to Live by Joel Fuhrman M.D.. Narrated by Joel Fuhrman. This is a book that will let you live longer, reduce your need for medications, and improve your health dramatically...."
50,B072HS6MQS,Influence,The Psychology of Persuasion,Robert B. Cialdini,George Newbern,,,HarperAudio,2016,English,"Influence, the classic book on persuasion, explains the psychology of why people say yes - and how to apply these understandings....","Business & Careers|Health & Wellness|Relationships, Parenting & Personal Development|Personal Success|Marketing & Sales|Psychology & Mental Health|Psychology|Personal Development",other,606,not_started,,,2019-05-11T14:11:10.315Z,"Influence by Robert B. Cialdini. Narrated by George Newbern. Influence, the classic book on persuasion, explains the psychology of why people say yes - and how to apply these understandings...."
51,B072HY2WWZ,Winning,,Jack Welch; Suzy Welch,Jack Welch,,,HarperAudio,2005,English,"Jack Welch knows how to win. During his 40-year career at General Electric, he led the company to year-after-year success around the globe, in multiple markets, against brutal competition....",Business & Careers|Small Business & Entrepreneurship|Management & Leadership|Personal Success,other,683,not_started,,,2019-05-11T14:11:15.661Z,"Winning by Jack Welch; Suzy Welch. Narrated by Jack Welch. Jack Welch knows how to win. During his 40-year career at General Electric, he led the company to year-after-year success around the globe, in multiple markets, against brutal competition...."
52,B072L7MNMQ,The Elements of Style (Recorded Books Edition),,William Strunk Jr.; E. B. White,Frank McCourt,,,Recorded Books,2008,English,The Elements of Style has long been a valued and beloved resource for all writers....,"Education & Learning|Relationships, Parenting & Personal Development|Writing, Research & Publishing Guides|Personal Development|Communication & Social Skills",public_speaking,240,not_started,,,2019-05-11T14:11:15.241Z,The Elements of Style (Recorded Books Edition) by William Strunk Jr.; E. B. White. Narrated by Frank McCourt. The Elements of Style has long been a valued and beloved resource for all writers....
53,B072LBQZSB,Good Leaders Ask Great Questions,Your Foundation for Successful Leadership,John C. Maxwell,John C. Maxwell,,,Hachette Audio,2014,English,"In Good Leaders Ask Great Questions, John C. Maxwell delves into the process of becoming a successful leader by examining how questions can be used to advantage....",Business & Careers|Management & Leadership,other,497,in_progress,,,2019-08-21T01:31:56.976Z,"Good Leaders Ask Great Questions by John C. Maxwell. Narrated by John C. Maxwell. In Good Leaders Ask Great Questions, John C. Maxwell delves into the process of becoming a successful leader by examining how questions can be used to advantage...."
54,B072PDYHQ7,The Millionaire Next Door,The Surprising Secrets of America's Rich,Thomas J. Stanley Ph.D.; William D. Danko Ph.D.,Cotter Smith,,,Simon & Schuster Audio,2000,English,Who are the rich in this country? What do they do? How do they invest? How did they get rich? Can you ever become one of them?...,Business & Careers|Money & Finance|Personal Success|Personal Finance,other,496,in_progress,,,2025-03-03T10:17:42.963Z,The Millionaire Next Door by Thomas J. Stanley Ph.D.; William D. Danko Ph.D.. Narrated by Cotter Smith. Who are the rich in this country? What do they do? How do they invest? How did they get rich? Can you ever become one of them?...
55,B072PQ17Q9,The Wall Street Journal Digest,,The Wall Street Journal,Alexander Quincy,,,The Wall Street Journal,2026,English,Make The Wall Street Journal part of your day….,Business & Careers|Management & Leadership,other,25,not_started,,,2019-05-11T14:16:24.613Z,The Wall Street Journal Digest by The Wall Street Journal. Narrated by Alexander Quincy. Make The Wall Street Journal part of your day….
56,B07623S2ZF,Rise,"3 Practical Steps for Advancing Your Career, Standing Out as a Leader, and Liking Your Life",Patty Azzarello,Patty Azzarello,,,Patty Azzarello,2017,English,"A straight-shooting Silicon Valley executive reveals insider career strategies to becoming a great leader, developing your network, succeeding without wasting time, and managing trade-offs....",Business & Careers|Small Business & Entrepreneurship|Management & Leadership|Personal Success,other,639,not_started,,,2019-05-11T14:11:09.869Z,"Rise by Patty Azzarello. Narrated by Patty Azzarello. A straight-shooting Silicon Valley executive reveals insider career strategies to becoming a great leader, developing your network, succeeding without wasting time, and managing trade-offs...."
57,B076QK5LD9,The Obesity Code,Unlocking the Secrets of Weight Loss,Jason Fung,Brian Nishii,,,Audible Studios,2017,English,"We are in the midst of an obesity epidemic, but despite being inundated with diet advice we are only getting fatter. We count calories and exercise regularly, yet still the pounds won't budge....","Health & Wellness|Fitness, Diet & Nutrition|Diets, Nutrition & Healthy Eating",other,609,in_progress,,,2019-11-05T00:20:47.779Z,"The Obesity Code by Jason Fung. Narrated by Brian Nishii. We are in the midst of an obesity epidemic, but despite being inundated with diet advice we are only getting fatter. We count calories and exercise regularly, yet still the pounds won't budge...."
58,B07B6FRFFW,How to Be Heard,Secrets for Powerful Speaking and Listening,Julian Treasure,Julian Treasure,,,"Blackstone Audio, Inc.",2018,English,"Have you ever felt like you're talking, but nobody is listening? Renowned five-time TED Talk speaker and author Julian Treasure reveals how to speak so that people listen and how to listen so that people feel heard....","Business & Careers|Relationships, Parenting & Personal Development|Personal Success|Marketing & Sales|Personal Development|Communication & Social Skills",public_speaking,749,in_progress,,,2026-04-25T21:51:43.000Z,"How to Be Heard by Julian Treasure. Narrated by Julian Treasure. Have you ever felt like you're talking, but nobody is listening? Renowned five-time TED Talk speaker and author Julian Treasure reveals how to speak so that people listen and how to listen so that people feel heard...."
59,B07BMHQHCV,Measure What Matters,"How Google, Bono, and the Gates Foundation Rock the World with OKRs",John Doerr; Larry Page - foreword,John Doerr; full cast; Julia Collins; Jini Kim; Mike Lee; Atticus Tysen; Patti Stonesifer; Susan Wojcicki; Cristos Goodrow; Alex Garden; Joseph Suzuki; Various,,,Penguin Audio,2018,English,Legendary venture capitalist John Doerr reveals how the goal-setting system of Objectives and Key Results (OKRs) has helped tech giants from Intel to Google achieve explosive growth - and how it can help any organization thrive....,Business & Careers|Small Business & Entrepreneurship|Management & Leadership|Workplace & Organizational Behaviour,other,476,not_started,,,2019-07-02T00:58:44.424Z,Measure What Matters by John Doerr; Larry Page - foreword. Narrated by John Doerr; full cast; Julia Collins; Jini Kim; Mike Lee; Atticus Tysen; Patti Stonesifer; Susan Wojcicki; Cristos Goodrow; Alex Garden; Joseph Suzuki; Various. Legendary venture capitalist John Doerr reveals how the goal-setting system of Objectives and Key Results (OKRs) has helped tech giants from Intel to Google achieve explosive growth - and how it can help any organization thrive....
60,B07BN1QB8C,The Business of Expertise,How Entrepreneurial Experts Convert Insight to Impact + Wealth,David C. Baker,David C. Baker,,,RockBench Publishing Corp.,2018,English,This passionate expertise manifesto is intended to elevate the impact of advisors who sell insight as entrepreneurs....,Business & Careers|Small Business & Entrepreneurship,other,278,in_progress,,,2026-07-01T03:25:46.186Z,The Business of Expertise by David C. Baker. Narrated by David C. Baker. This passionate expertise manifesto is intended to elevate the impact of advisors who sell insight as entrepreneurs....
61,B07BTK8X2K,The Diabetes Code,Prevent and Reverse Type 2 Diabetes Naturally,Dr. Jason Fung,Dr. Jason Fung,,,Audible Studios,2018,English,"Today, most doctors, dietitians, and even diabetes specialists consider type 2 diabetes to be a chronic and progressive disease - a life sentence with no possibility of parole....","Health & Wellness|Physical Illness & Disease|Diabetes|Alternative & Complementary Medicine|Fitness, Diet & Nutrition|Diets, Nutrition & Healthy Eating",other,444,in_progress,,,2019-11-05T00:23:38.952Z,"The Diabetes Code by Dr. Jason Fung. Narrated by Dr. Jason Fung. Today, most doctors, dietitians, and even diabetes specialists consider type 2 diabetes to be a chronic and progressive disease - a life sentence with no possibility of parole...."
62,B07D34S84R,The New York Times Digest,,The New York Times,Mark Moran,,,The New York Times,2026,English,"It's the perfect listen for your morning commute! In the time it takes you to get to work, you'll hear a digest of the day's top stories, prepared by the editorial staff of The New York Times....",Politics & Social Sciences|Social Sciences,other,,not_started,,,2022-05-03T20:33:28.034Z,"The New York Times Digest by The New York Times. Narrated by Mark Moran. It's the perfect listen for your morning commute! In the time it takes you to get to work, you'll hear a digest of the day's top stories, prepared by the editorial staff of The New York Times...."
63,B07DHRSDLW,Make Time,How to Focus on What Matters Every Day,Jake Knapp; John Zeratsky,Jake Knapp; John Zeratsky,,,Random House Audio,2018,English,"Nobody ever looked at an empty calendar and said, ""The best way to spend this time is by cramming it full of meetings!"" or got to work in the morning and thought, Today I'll spend hours on Facebook! Yet that's exactly what we do....","Business & Careers|Relationships, Parenting & Personal Development|Management & Leadership|Personal Success|Personal Development",productivity,298,in_progress,,,2022-05-26T17:51:17.732Z,"Make Time by Jake Knapp; John Zeratsky. Narrated by Jake Knapp; John Zeratsky. Nobody ever looked at an empty calendar and said, ""The best way to spend this time is by cramming it full of meetings!"" or got to work in the morning and thought, Today I'll spend hours on Facebook! Yet that's exactly what we do...."
64,B07FK46FRF,Learning How to Learn,How to Succeed in School Without Spending All Your Time Studying; A Guide for Kids and Teens,Barbara Oakley PhD; Terrence Sejnowski PhD; Alistair McConville,Laural Merlington,,,"Dreamscape Media, LLC",2018,English,"Learning How to Learn teaches students about the importance of both focused concentration and letting their minds wander, how the brain makes connections between different pieces of information, why procrastination is the enemy of problem solving, and much more....",Children's Audiobooks,other,332,not_started,,,2022-09-07T20:59:06.293Z,"Learning How to Learn by Barbara Oakley PhD; Terrence Sejnowski PhD; Alistair McConville. Narrated by Laural Merlington. Learning How to Learn teaches students about the importance of both focused concentration and letting their minds wander, how the brain makes connections between different pieces of information, why procrastination is the enemy of problem solving, and much more...."
65,B07FS63X86,Peak,Secrets from the New Science of Expertise,Anders Ericsson; Robert Pool,Sean Runnette,,,Audible Studios,2018,English,"Anders Ericsson has made a career studying chess champions, violin virtuosos, star athletes, and memory mavens. Peak distills three decades of myth-shattering research into a powerful learning strategy....","Business & Careers|Health & Wellness|Relationships, Parenting & Personal Development|Management & Leadership|Personal Success|Psychology & Mental Health|Psychology|Personal Development",other,600,in_progress,,,2022-08-15T15:41:53.832Z,"Peak by Anders Ericsson; Robert Pool. Narrated by Sean Runnette. Anders Ericsson has made a career studying chess champions, violin virtuosos, star athletes, and memory mavens. Peak distills three decades of myth-shattering research into a powerful learning strategy...."
66,B07GBGQJSW,Atomic Habits,An Easy & Proven Way to Build Good Habits & Break Bad Ones,James Clear,James Clear,,,Penguin Audio,2018,English,"No matter your goals, Atomic Habits offers a proven framework for improving - every day. James Clear, one of the world's leading experts on habit formation, reveals practical strategies that will teach you exactly how to form good habits, break bad ones....","Business & Careers|Health & Wellness|Relationships, Parenting & Personal Development|Workplace & Organizational Behaviour|Psychology & Mental Health|Psychology|Personal Development|Personal Success",productivity,335,in_progress,,,2019-06-08T18:14:24.496Z,"Atomic Habits by James Clear. Narrated by James Clear. No matter your goals, Atomic Habits offers a proven framework for improving - every day. James Clear, one of the world's leading experts on habit formation, reveals practical strategies that will teach you exactly how to form good habits, break bad ones...."
67,B07KKPGDZF,Can't Hurt Me,Master Your Mind and Defy the Odds,David Goggins,David Goggins; Adam Skolnick,,,Lioncrest Publishing,2018,English,"For David Goggins, childhood was a nightmare--poverty, prejudice, and physical abuse colored his days and haunted his nights. But through self-discipline, mental toughness, and hard work, Goggins transformed himself....","Biographies & Memoirs|Relationships, Parenting & Personal Development|Personal Development|Personal Success",other,817,in_progress,,,2023-01-05T20:05:45.087Z,"Can't Hurt Me by David Goggins. Narrated by David Goggins; Adam Skolnick. For David Goggins, childhood was a nightmare--poverty, prejudice, and physical abuse colored his days and haunted his nights. But through self-discipline, mental toughness, and hard work, Goggins transformed himself...."
68,B07L5Y82KM,The Arts of Seduction,,Seema Anand,Swasti Shree Sharma,,,Audible Studios,2018,English,The Arts of Seduction is a guide to having great sex in the 21st century. It seeks to make what has been largely reduced to an act of instant gratification a rather more pleasurable experience....,"Health & Wellness|Relationships, Parenting & Personal Development|Erotica|Psychology & Mental Health|Psychology|Personal Development|Relationships|Love & Romance|Sex Instruction",other,447,not_started,,,2024-08-27T20:27:40.000Z,The Arts of Seduction by Seema Anand. Narrated by Swasti Shree Sharma. The Arts of Seduction is a guide to having great sex in the 21st century. It seeks to make what has been largely reduced to an act of instant gratification a rather more pleasurable experience....
69,B07NJJJX8R,Talking to Strangers,What We Should Know About the People We Don't Know,Malcolm Gladwell,Malcolm Gladwell,,,Hachette Audio,2019,English,"Malcolm Gladwell, host of the podcast Revisionist History and author of the number-one New York Times best seller Outliers, reinvents the audiobook in this immersive production of Talking to Strangers, a powerful examination of our interactions with people....","Politics & Social Sciences|Health & Wellness|History|Relationships, Parenting & Personal Development|Social Sciences|Sociology|Psychology & Mental Health|Psychology|Relationships",other,537,not_started,,,2019-11-05T00:09:53.101Z,"Talking to Strangers by Malcolm Gladwell. Narrated by Malcolm Gladwell. Malcolm Gladwell, host of the podcast Revisionist History and author of the number-one New York Times best seller Outliers, reinvents the audiobook in this immersive production of Talking to Strangers, a powerful examination of our interactions with people...."
70,B082TMK7N4,Failing Forward,Turning Mistakes into Stepping Stones for Success,John C. Maxwell,Henry O. Arnold; John C. Maxwell,,,HarperCollins Leadership,2020,English,"America's expert on leadership helps listeners change their attitudes and beliefs about failure, so they can make positive changes in their lives and achieve their full potential....","Religion & Spirituality|Business & Careers|Relationships, Parenting & Personal Development|Christianity|Ministry & Evangelism|Christian Living|Management & Leadership|Personal Success|Personal Development",other,365,in_progress,,,2023-10-02T13:28:23.197Z,"Failing Forward by John C. Maxwell. Narrated by Henry O. Arnold; John C. Maxwell. America's expert on leadership helps listeners change their attitudes and beliefs about failure, so they can make positive changes in their lives and achieve their full potential...."
71,B082YJZL6T,House of Earth and Blood,"Crescent City, Book 1",Sarah J. Maas,Elizabeth Evans,Crescent City,1,Audible Studios,2020,English,"Bryce Quinlan had the perfect life-working hard all day and partying all night - until a demon murdered her closest friends, leaving her bereft, wounded, and alone. When the accused is behind bars but the crimes start up again, Bryce finds herself at the heart of the investigation....",Science Fiction & Fantasy|Romance|Fantasy|Epic|Action & Adventure,other,1670,in_progress,,,2026-07-06T18:19:29.253Z,"House of Earth and Blood by Sarah J. Maas. Narrated by Elizabeth Evans. Bryce Quinlan had the perfect life-working hard all day and partying all night - until a demon murdered her closest friends, leaving her bereft, wounded, and alone. When the accused is behind bars but the crimes start up again, Bryce finds herself at the heart of the investigation...."
72,B0833FY2TJ,"The Pragmatic Programmer: 20th Anniversary Edition, 2nd Edition",Your Journey to Mastery,David Thomas; Andrew Hunt,Anna Katarina,,,David Thomas,2019,English,Dave Thomas and Andy Hunt wrote the first edition of this influential book in 1999 to help their clients create better software and rediscover the joy of coding. These lessons have helped a generation of programmers examine the very essence of software development....,Computers & Technology|Programming & Software Development,software_engineering,595,in_progress,,,2024-02-19T13:08:54.075Z,"The Pragmatic Programmer: 20th Anniversary Edition, 2nd Edition by David Thomas; Andrew Hunt. Narrated by Anna Katarina. Dave Thomas and Andy Hunt wrote the first edition of this influential book in 1999 to help their clients create better software and rediscover the joy of coding. These lessons have helped a generation of programmers examine the very essence of software development...."
73,B0848WT54C,The Successful Speaker,"Five Steps for Booking Gigs, Getting Paid, and Building Your Platform",Grant Baldwin,Grant Baldwin,,,Baker Books,2020,English,"Do you have a message you want to get out into the world? Have you ever dreamed of speaking for a living? Is there something you have to say, but you just aren't sure what to do next? The Successful Speaker is a proven, easy-to-follow guide to helping you do just that....","Business & Careers|Education & Learning|Relationships, Parenting & Personal Development|Management & Leadership|Personal Success|Personal Development",other,397,in_progress,,,2022-04-29T09:17:23.549Z,"The Successful Speaker by Grant Baldwin. Narrated by Grant Baldwin. Do you have a message you want to get out into the world? Have you ever dreamed of speaking for a living? Is there something you have to say, but you just aren't sure what to do next? The Successful Speaker is a proven, easy-to-follow guide to helping you do just that...."
74,B086DN569S,The 7 Habits of Highly Effective People,30th Anniversary Edition,Sean Covey; Jim Collins - foreword; Stephen R. Covey,Stephen R. Covey; Sean Covey,,,Simon & Schuster Audio,2020,English,"One of the most inspiring and impactful books ever written, The Seven Habits of Highly Effective People has captivated people for nearly three decades. It has transformed the lives of presidents and CEOs, educators, and parents....","Business & Careers|Relationships, Parenting & Personal Development|Small Business & Entrepreneurship|Management & Leadership|Personal Success|Workplace & Organizational Behaviour|Personal Development",productivity,907,in_progress,,,2022-10-25T18:22:18.634Z,"The 7 Habits of Highly Effective People by Sean Covey; Jim Collins - foreword; Stephen R. Covey. Narrated by Stephen R. Covey; Sean Covey. One of the most inspiring and impactful books ever written, The Seven Habits of Highly Effective People has captivated people for nearly three decades. It has transformed the lives of presidents and CEOs, educators, and parents...."
75,B08D9VG9T8,The Psychology of Money,"Timeless Lessons on Wealth, Greed, and Happiness",Morgan Housel,Chris Hill,,,Harriman House,2020,English,"In The Psychology of Money, award-winning author Morgan Housel shares 19 short stories exploring the strange ways people think about money and teaches you how to make better sense of one of life’s most important topics....",Money & Finance|Personal Finance|Investing & Trading,other,353,in_progress,,,2023-09-08T19:24:47.434Z,"The Psychology of Money by Morgan Housel. Narrated by Chris Hill. In The Psychology of Money, award-winning author Morgan Housel shares 19 short stories exploring the strange ways people think about money and teaches you how to make better sense of one of life’s most important topics...."
76,B08MKZQXHZ,Credence,,Penelope Douglas,Sofia Willingham; Greg Tremblay; Carson Beck; Michael Pauley,,,Audible Studios,2020,English,"Three of them, one of her, and a remote cabin in the woods. Let the hot winter nights ensue....",Erotica|Literature & Fiction,other,1015,finished,,,2026-06-06T02:59:20.371Z,"Credence by Penelope Douglas. Narrated by Sofia Willingham; Greg Tremblay; Carson Beck; Michael Pauley. Three of them, one of her, and a remote cabin in the woods. Let the hot winter nights ensue...."
77,B08X8QW7QD,Clean Architecture,A Craftsman's Guide to Software Structure and Design,Robert C. Martin,Theodore O'Brien,,,Upfront Books,2021,English,"Clean Architecture is an essential book for every current or aspiring software architect, systems analyst, system designer, and software manager - and for every programmer who must execute someone else’s designs....",Science & Engineering|Engineering,software_engineering,504,in_progress,,,2024-09-28T13:29:16.000Z,"Clean Architecture by Robert C. Martin. Narrated by Theodore O'Brien. Clean Architecture is an essential book for every current or aspiring software architect, systems analyst, system designer, and software manager - and for every programmer who must execute someone else’s designs...."
78,B09BK5G9MV,$100M Offers,How to Make Offers So Good People Feel Stupid Saying No,Alex Hormozi,Alexander Hormozi,,,Acquisition com LLC,2021,English,"The methods contained within this book are so simple, so instantaneous, and so effective, it’s as if they work by magic. If you implement even one tactic in this book, you’ll see the change in your prospects' demeanor....",Business & Careers|Personal Success|Marketing & Sales,other,229,in_progress,,,2026-01-15T03:15:30.799Z,"$100M Offers by Alex Hormozi. Narrated by Alexander Hormozi. The methods contained within this book are so simple, so instantaneous, and so effective, it’s as if they work by magic. If you implement even one tactic in this book, you’ll see the change in your prospects' demeanor...."
79,B09GJ5CBZJ,How to Speak How to Listen,,Mortimer J. Adler,Harold N. Cropp,,,Simon & Schuster Audio,2021,English,"With over half a million copies in print of his “living classic” How to Read a Book in print, intellectual, philosopher, and academic Mortimer J. Adler set out to write an accompanying volume on speaking and listening....","Relationships, Parenting & Personal Development|Personal Development|Personal Success|Communication & Social Skills",public_speaking,480,in_progress,,,2026-03-31T00:22:46.994Z,"How to Speak How to Listen by Mortimer J. Adler. Narrated by Harold N. Cropp. With over half a million copies in print of his “living classic” How to Read a Book in print, intellectual, philosopher, and academic Mortimer J. Adler set out to write an accompanying volume on speaking and listening...."
80,B09HSS4YH8,A Mind for Numbers,How to Excel at Math and Science (Even If You Flunked Algebra),Barbara Oakley,Grover Gardner,,,Penguin Audio,2021,English,"Whether you are a student struggling to fulfill a math or science requirement, or you are embarking on a career change that requires a new skill set, A Mind for Numbers offers the tools you need to get a better grasp of that intimidating material....",Science & Engineering|Science|Mathematics,other,424,in_progress,,,2022-07-07T16:47:21.061Z,"A Mind for Numbers by Barbara Oakley. Narrated by Grover Gardner. Whether you are a student struggling to fulfill a math or science requirement, or you are embarking on a career change that requires a new skill set, A Mind for Numbers offers the tools you need to get a better grasp of that intimidating material...."
81,B09HSTT4XB,How to Take Smart Notes,"One Simple Technique to Boost Writing, Learning and Thinking - for Students, Academics and Nonfiction Book Writers",Sonke Ahrens,Nigel Fyfe,,,Sönke Ahrens,2021,English,"The key to good and efficient writing lies in the intelligent organization of ideas and notes. This book helps students, academics, and nonfiction writers to get more done, write intelligent texts, and learn for the long run....","Education & Learning|Education|Relationships, Parenting & Personal Development|Personal Development",writing,353,in_progress,,,2022-06-15T03:07:03.741Z,"How to Take Smart Notes by Sonke Ahrens. Narrated by Nigel Fyfe. The key to good and efficient writing lies in the intelligent organization of ideas and notes. This book helps students, academics, and nonfiction writers to get more done, write intelligent texts, and learn for the long run...."
82,B09MGDXFTJ,Building a Second Brain,A Proven Method to Organize Your Digital Life and Unlock Your Creative Potential,Tiago Forte,André Santana; Tiago Forte,,,Simon & Schuster Audio,2022,English,"Building a Second Brain presents a revolutionary approach to enhancing productivity, creating flow, and vastly increasing your ability to capture, remember, and benefit from the unprecedented amount of information all around us....","Business & Careers|Relationships, Parenting & Personal Development|Computers & Technology|Management & Leadership|Personal Development|Creativity|Data Science",other,449,in_progress,,,2023-01-31T17:10:12.648Z,"Building a Second Brain by Tiago Forte. Narrated by André Santana; Tiago Forte. Building a Second Brain presents a revolutionary approach to enhancing productivity, creating flow, and vastly increasing your ability to capture, remember, and benefit from the unprecedented amount of information all around us...."
83,B09MV4LX3J,Crucial Conversations (Third Edition),Tools for Talking When Stakes Are High,Joseph Grenny; Kerry Patterson; Ron McMillan; Al Switzler; Emily Gregory,Emily Gregory; Joseph Grenny,,,McGraw Hill-Ascent Audio,2021,English,The book that revolutionized business communications has been updated for today's workplace. Crucial Conversations provides powerful skills to ensure every conversation - especially difficult ones - leads to the results you want....,Business & Careers|Management & Leadership|Personal Success,other,465,in_progress,,,2022-03-06T22:26:53.681Z,Crucial Conversations (Third Edition) by Joseph Grenny; Kerry Patterson; Ron McMillan; Al Switzler; Emily Gregory. Narrated by Emily Gregory; Joseph Grenny. The book that revolutionized business communications has been updated for today's workplace. Crucial Conversations provides powerful skills to ensure every conversation - especially difficult ones - leads to the results you want....
84,B09SK5Y1RF,Discipline Is Destiny,The Power of Self-Control,Ryan Holiday,Ryan Holiday,The Stoic Virtues Series,,Penguin Audio,2022,English,"In his bestselling book Courage is Calling, author Ryan Holiday made the Stoic case for a bold and brave life. In this much-anticipated second book of his Stoic Virtue series, Holiday celebrates the awesome power of self-discipline and those who have seized it....","Politics & Social Sciences|Business & Careers|Relationships, Parenting & Personal Development|Philosophy|Greek & Roman|Personal Success|Personal Development",productivity,437,in_progress,,,2024-01-24T03:14:39.643Z,"Discipline Is Destiny by Ryan Holiday. Narrated by Ryan Holiday. In his bestselling book Courage is Calling, author Ryan Holiday made the Stoic case for a bold and brave life. In this much-anticipated second book of his Stoic Virtue series, Holiday celebrates the awesome power of self-discipline and those who have seized it...."
85,B0B6484TCX,Outlive,The Science and Art of Longevity,Peter Attia MD; Bill Gifford - contributor,Peter Attia MD,,,Random House Audio,2023,English,"A groundbreaking manifesto on living better and longer that challenges the conventional medical thinking on aging and reveals a new approach to preventing chronic disease and extending long-term health, from a visionary physician and leading longevity expert....","Health & Wellness|Relationships, Parenting & Personal Development|Science & Engineering|Personal Development|Science|Biological Sciences",other,1027,in_progress,,,2023-11-06T02:40:56.154Z,"Outlive by Peter Attia MD; Bill Gifford - contributor. Narrated by Peter Attia MD. A groundbreaking manifesto on living better and longer that challenges the conventional medical thinking on aging and reveals a new approach to preventing chronic disease and extending long-term health, from a visionary physician and leading longevity expert...."
86,B0B6QCS634,The Steal Like an Artist Audio Trilogy,"How to Be Creative, Show Your Work, and Keep Going",Austin Kleon,Austin Kleon,,,Workman Publishing Company,2022,English,"It’s an audio compilation of Steal Like an Artist, Show Your Work and Keep Going, the bestselling and transformative series on how to unlock your creativity, find community and an audience in the digital age, and stay focused, creative and true to yourself—for life....","Arts & Entertainment|Relationships, Parenting & Personal Development|Personal Development|Creativity",other,272,in_progress,,,2026-05-04T13:30:37.027Z,"The Steal Like an Artist Audio Trilogy by Austin Kleon. Narrated by Austin Kleon. It’s an audio compilation of Steal Like an Artist, Show Your Work and Keep Going, the bestselling and transformative series on how to unlock your creativity, find community and an audience in the digital age, and stay focused, creative and true to yourself—for life...."
87,B0C4VS75W2,Forever Strong,"A New, Science-Based Strategy for Aging Well",Dr. Gabrielle Lyon,Dr. Gabrielle Lyon,,,Simon & Schuster Audio,2023,English,"After years of watching patients cycle through her practice, Dr. Gabrielle Lyon noticed a pattern. While her patients struggled with a wide range of conditions, they all suffered from the same core problem: they had too little muscle rather than too much fat....","Health & Wellness|Fitness, Diet & Nutrition|Diets, Nutrition & Healthy Eating|Hygiene & Healthy Living",other,585,in_progress,,,2024-09-28T13:46:22.584Z,"Forever Strong by Dr. Gabrielle Lyon. Narrated by Dr. Gabrielle Lyon. After years of watching patients cycle through her practice, Dr. Gabrielle Lyon noticed a pattern. While her patients struggled with a wide range of conditions, they all suffered from the same core problem: they had too little muscle rather than too much fat...."
88,B0C4W36MBC,The Diary of a CEO,The 33 Laws of Business and Life,Steven Bartlett,Steven Bartlett,,,Penguin Audio,2023,English,Steven Bartlett has never been one to follow conventional rules. He’s achieved extraordinary success and emerged as one of the greatest marketing minds of our time by doing things differently. But there is a method to his maverick style....,"Business & Careers|Relationships, Parenting & Personal Development|Small Business & Entrepreneurship|Personal Success|Personal Development",other,404,in_progress,,,2023-09-01T20:26:57.016Z,The Diary of a CEO by Steven Bartlett. Narrated by Steven Bartlett. Steven Bartlett has never been one to follow conventional rules. He’s achieved extraordinary success and emerged as one of the greatest marketing minds of our time by doing things differently. But there is a method to his maverick style....
89,B0C5Y3CY2P,Hidden Potential,The Science of Achieving Greater Things,Adam Grant,Adam Grant; Maurice Ashley; R. A. Dickey; Evelyn Glennie; Sara Maria Hasbun; Francis Idehen; Alison Levine; Benny Lewis; Kari Louhivuori; Nelli Louhivuori; Brandon Payne; Richard Pine; Gil Winch; full cast,,,Penguin Audio,2023,English,The #1 New York Times bestselling author of Think Again illuminates how we can elevate ourselves and others to unexpected heights....,"Business & Careers|Health & Wellness|Relationships, Parenting & Personal Development|Personal Success|Psychology & Mental Health|Psychology|Personal Development",other,441,in_progress,,,2023-12-22T14:10:55.535Z,Hidden Potential by Adam Grant. Narrated by Adam Grant; Maurice Ashley; R. A. Dickey; Evelyn Glennie; Sara Maria Hasbun; Francis Idehen; Alison Levine; Benny Lewis; Kari Louhivuori; Nelli Louhivuori; Brandon Payne; Richard Pine; Gil Winch; full cast. The #1 New York Times bestselling author of Think Again illuminates how we can elevate ourselves and others to unexpected heights....
90,B0C6YNPVP1,Supercommunicators,How to Unlock the Secret Language of Connection,Charles Duhigg,Charles Duhigg,,,Random House Audio,2024,English,Come inside a jury room as one juror leads a starkly divided room to consensus. Join a young CIA officer as he recruits a reluctant foreign agent....,"Business & Careers|Health & Wellness|Relationships, Parenting & Personal Development|Management & Leadership|Psychology & Mental Health|Psychology|Personal Development|Communication & Social Skills",public_speaking,448,not_started,,,2025-11-03T00:03:10.489Z,Supercommunicators by Charles Duhigg. Narrated by Charles Duhigg. Come inside a jury room as one juror leads a starkly divided room to consensus. Join a young CIA officer as he recruits a reluctant foreign agent....
91,B0CB94PP67,Slow Productivity,The Lost Art of Accomplishment Without Burnout,Cal Newport,Cal Newport,,,Penguin Audio,2024,English,"From the New York Times bestselling author of Digital Minimalism and Deep Work, a groundbreaking philosophy for pursuing meaningful accomplishment while avoiding overload....","Business & Careers|Relationships, Parenting & Personal Development|Management & Leadership|Personal Success|Personal Development",productivity,377,in_progress,,,2024-10-07T11:53:45.525Z,"Slow Productivity by Cal Newport. Narrated by Cal Newport. From the New York Times bestselling author of Digital Minimalism and Deep Work, a groundbreaking philosophy for pursuing meaningful accomplishment while avoiding overload...."
92,B0CH1NLK6G,Take Charge of Your Life,The 12 Master Skills for Success,Brian Tracy,Michael Tracy,,,G&D Media,2023,English,"One of the hallmark's of Brian Tracy's philosophy is that you are 100% responsible for the results in your life. While Brian Tracy has discussed this philosophy since the 1980's, it is increasingly out of place in our current cultural moment....","Business & Careers|Relationships, Parenting & Personal Development|Personal Success|Personal Development",other,374,not_started,,,2026-04-23T17:01:14.658Z,"Take Charge of Your Life by Brian Tracy. Narrated by Michael Tracy. One of the hallmark's of Brian Tracy's philosophy is that you are 100% responsible for the results in your life. While Brian Tracy has discussed this philosophy since the 1980's, it is increasingly out of place in our current cultural moment...."
93,B0DJTBCYR2,Six Thinking Hats,,Edward De Bono,Mike Fraser,,,"Echo Point Books & Media, LLC",2024,English,"Used successfully by thousands of business managers, educators, and government leaders around the world, Six Thinking Hats offers a practical and uniquely positive approach to making decisions and exploring new ideas.",Business & Careers|Small Business & Entrepreneurship|Entrepreneurship|Personal Success,other,255,not_started,,,2025-07-04T16:30:09.170Z,"Six Thinking Hats by Edward De Bono. Narrated by Mike Fraser. Used successfully by thousands of business managers, educators, and government leaders around the world, Six Thinking Hats offers a practical and uniquely positive approach to making decisions and exploring new ideas."
94,B0DNR73KR3,Build a Large Language Model (From Scratch),,Sebastian Raschka,Julie Brierley,,,Manning Publications,2024,English,"In Build a Large Language Model (from Scratch) bestselling author Sebastian Raschka guides you step by step through creating your own LLM. Each stage is explained with clear text, diagrams, and examples.",Computers & Technology|Computer Science,software_engineering,460,not_started,,,2025-04-01T19:38:45.958Z,"Build a Large Language Model (From Scratch) by Sebastian Raschka. Narrated by Julie Brierley. In Build a Large Language Model (from Scratch) bestselling author Sebastian Raschka guides you step by step through creating your own LLM. Each stage is explained with clear text, diagrams, and examples."
95,B0DWHY626J,AI Engineering,Building Applications with Foundation Models,Chip Huyen,Edelyn Okano,,,Ascent Audio,2025,English,"Recent breakthroughs in AI have not only increased demand for AI products, they've also lowered the barriers to entry for those who want to build AI products.",Computers & Technology|Computer Science,software_engineering,1272,in_progress,,,2025-06-17T07:03:32.493Z,"AI Engineering by Chip Huyen. Narrated by Edelyn Okano. Recent breakthroughs in AI have not only increased demand for AI products, they've also lowered the barriers to entry for those who want to build AI products."
96,B0FM57CSB6,Open to Work,How to Get Ahead in the Age of AI,Ryan Roslansky; Aneesh Raman,Alex Knox,,,Harper Business,2026,English,"AN INSTANT NEW YORK TIMES BESTSELLER Work is changing for everyone, everywhere. Standing still isn't an option. Ryan Roslansky and Aneesh Raman, CEO and Chief Economic Opportunity Officer at LinkedIn, show you how to take control of this moment with clarity and confidence. The future of work is...",Biographies & Memoirs|Business & Careers|Professionals & Academics|Business|Management & Leadership|Personal Success,other,356,in_progress,,,2026-04-17T14:34:01.014Z,"Open to Work by Ryan Roslansky; Aneesh Raman. Narrated by Alex Knox. AN INSTANT NEW YORK TIMES BESTSELLER Work is changing for everyone, everywhere. Standing still isn't an option. Ryan Roslansky and Aneesh Raman, CEO and Chief Economic Opportunity Officer at LinkedIn, show you how to take control of this moment with clarity and confidence. The future of work is..."
97,B0GJ761W53,Hunting Adeline,"Cat and Mouse Duet, Book 2",H. D. Carlton,Teddy Hamilton; Michelle Sparks; Tempest Mensah; Grayson Owens; Ava Lucas,Cat and Mouse Duet,2,H. D. Carlton,2026,English,"The worst Adeline Reilly expected for her life were a few unholy ghosts haunting the hallways of Parsons Manor, not falling in love with her stalker and ending up in the clutches of a trafficking ring.",Romance|Erotica|Romantic Suspense|Literature & Fiction,other,1154,finished,,,2026-05-07T01:52:53.596Z,"Hunting Adeline by H. D. Carlton. Narrated by Teddy Hamilton; Michelle Sparks; Tempest Mensah; Grayson Owens; Ava Lucas. The worst Adeline Reilly expected for her life were a few unholy ghosts haunting the hallways of Parsons Manor, not falling in love with her stalker and ending up in the clutches of a trafficking ring."
